Brand,Reference,Google Search Code,Category,Name,Product Page URL,Price(Euros)
O'NEILL,0A4972-9950 BLACK AOP,0A4972-9950,Sandals,FB ARCH PRINT SANDALS,https://www.oneill.com/eu/en/arch-print-sandals/0A4972-9950-32.html,
O'NEILL,9P1070-5056 Ink Blue,9P1070-5056,Jackets,LB CHARGER PARKA,https://www.oneill.com/eu/en/charger-parka-jacket/9P1070-5056-128.html,
O'NEILL,9P1070-6077 Winter Mos,9P1070-6077,Jackets,LB CHARGER PARKA,https://www.oneill.com/gb/en/charger-parka-jacket/9P1070-6077-152.html,
O'NEILL,8P1072-5056 Ink Blue,8P1072-5056,Jackets Technical,LB TRANSIT JACKET,https://www.oneill.com/nl/en/transit-jacket/8P1072-5056-104.html,
O'NEILL,8P1072-5112 Surf Blue,8P1072-5112,Jackets Technical,LB TRANSIT JACKET,https://www.oneill.com/nl/en/transit-jacket/8P1072-5112-128.html,
O'NEILL,0A2780-1250 Light Auth,0A2780-1250,Pants,LB TITO 5 POCKET DENIM PANTS,https://www.oneill.com/eu/en/tito-denim-pants/0A2780-1250-104.html,
O'NEILL,0A2782-1250 Light Auth,0A2782-1250,Pants,LB MINGO 5 POCKET DENIM PANTS,https://www.oneill.com/eu/en/mingo-denim-pants/0A2782-1250-104.html,
O'NEILL,9P2772-5204 Scale,9P2772-5204,Pants,LB STRINGER DENIM,https://www.oneill.com/eu/en/stringer-denim-pants/9P2772-5204-128.html,
O'NEILL,0A2776-1250 Light Auth,0A2776-1250,Pants,LB 5-POCKET JOG DENIM PANTS,https://www.oneill.com/eu/en/5-pocket-denim-pants/0A2776-1250-104.html,
O'NEILL,0A2570-6077 Winter Mos,0A2570-6077,Shorts,LB FRIDAY NIGHT CHINO SHORTS,https://www.oneill.com/eu/en/friday-night-chino-shorts/0A2570-6077-140.html,
O'NEILL,0A2570-7507 Chateau Be,0A2570-7507,Shorts,LB FRIDAY NIGHT CHINO SHORTS,https://www.oneill.com/eu/en/friday-night-chino-shorts/0A2570-7507-128.html,
O'NEILL,0A2570-9010 Black Out,0A2570-9010,Shorts,LB FRIDAY NIGHT CHINO SHORTS,https://www.oneill.com/eu/en/friday-night-chino-shorts/0A2570-9010-104.html,
O'NEILL,0A2572-5056 Ink Blue,0A2572-5056,Shorts,LB CALI BEACH CARGO SHORTS,https://www.oneill.com/eu/en/cali-beach-cargo-shorts/0A2572-5056-104.html,
O'NEILL,0A2572-5209 Walton Blu,0A2572-5209,Shorts,LB CALI BEACH CARGO SHORTS,https://www.oneill.com/eu/en/cali-beach-cargo-shorts/0A2572-5209-104.html,
O'NEILL,0A2572-6077 Winter Mos,0A2572-6077,Shorts,LB CALI BEACH CARGO SHORTS,https://www.oneill.com/eu/en/cali-beach-cargo-shorts/0A2572-6077-140.html,
O'NEILL,0A2572-6920 GREEN AOP,0A2572-6920,Shorts,LB CALI BEACH CARGO SHORTS,https://www.oneill.com/eu/en/cali-beach-cargo-shorts/0A2572-6920-104.html,
O'NEILL,0A2572-9980 BLACK AOP,0A2572-9980,Shorts,LB CALI BEACH CARGO SHORTS,https://www.oneill.com/eu/en/cali-beach-cargo-shorts/0A2572-9980-104.html,
O'NEILL,0A2576-5056 Ink Blue,0A2576-5056,Shorts,LB 5-POCKET SHORTS,https://www.oneill.com/eu/en/5-pocket-denim-shorts/0A2576-5056-104.html,
O'NEILL,0A2578-6920 GREEN AOP,0A2578-6920,Shorts,LB JOGGER SHORTS,https://www.oneill.com/eu/en/sweat-shorts/0A2578-6920-128.html,
O'NEILL,0A2582-6151 Salina Gre,0A2582-6151,Shorts,LB FRIDAY NIGHT CHINO SHORTS,https://www.oneill.com/eu/en/friday-night-chino-shorts/0A2582-6151-104.html,
O'NEILL,9A2576-5014 Dazzling B,9A2576-5014,Shorts,LB SURFS OUT SHORTS,https://www.oneill.com/eu/en/surfs-out-shorts/9A2576-5014-152.html,
O'NEILL,9P1174-6900 GREEN AOP,9P1174-6900,Superfleeces,LB SHERPA HZ HOODIE - CAMO,https://www.oneill.com/eu/en/sherpa-camo-half-zip-hoodie-superfleece/9P1174-6900-116.html,
O'NEILL,8P1482-5056 Ink Blue,8P1482-5056,Sweatshirts,LB THE O'NEILL RIDE SWEATSHIRT,https://www.oneill.com/nl/en/the-oneill-ride-sweatshirt/8P1482.html?cgid=boys-discover-new-collection-fall-winter&dwvar_8P1482_color=5056,
O'NEILL,8P3662-9010 Black Out,8P3662-9010,Sweatshirts,LB LOGO CREW SWEATSHIRT,https://www.oneill.com/dk/en/logo-crew-sweatshirt/8P3662-9010-116.html,
O'NEILL,9P1476-6900 GREEN AOP,9P1476-6900,Sweatshirts,LB NEWTON CREW,https://www.oneill.com/eu/en/newton--sweatshirt/9P1476-6900-128.html,
O'NEILL,9P1476-9900 BLACK AOP,9P1476-9900,Sweatshirts,LB NEWTON CREW,https://www.oneill.com/dk/en/newton--sweatshirt/9P1476-9900-152.html,
O'NEILL,9P1478-8026 Asphalt,9P1478-8026,Sweatshirts,LB FAWN LOGO CREW,https://www.oneill.com/eu/en/fawn-logo-sweatshirt/9P1478-8026-128.html,
O'NEILL,8P1478-6077 Winter Mos,8P1478-6077,Sweatshirts,LB PCH CALIFORNIA FZ HOODIE,NOT FOUND,
O'NEILL,0A1490-5204 Scale,0A1490-5204,Sweatshirts,LB TECH ZIP THRU SWEATSHIRT,https://www.oneill.com/eu/en/tech-zip-thru-sweatshirt/0A1490-5204-128.html,
O'NEILL,0A1490-6096 Amazon Gre,0A1490-6096,Sweatshirts,LB TECH ZIP THRU SWEATSHIRT,https://www.oneill.com/eu/en/tech-zip-thru-sweatshirt/0A1490-6096-128.html,
O'NEILL,0A1488-6920 GREEN AOP,0A1488-6920,Sweatshirts,LB HOODIE,https://www.oneill.com/at/en/colorblock-hoodie/0A1488-6920-128.html,
O'NEILL,8P2176-6058 Forest Nig,8P2176-6058,Tees,LB JACK'S BASE L/SLV T-SHIRT,NOT FOUND,
O'NEILL,0A2476-1030 Powder Whi,0A2476-1030,Tees,LB HORIZON POCKET T-SHIRT,https://www.oneill.com/eu/en/horizon-pocket-t-shirt/0A2476-1030-140.html,
O'NEILL,0A2476-8001 Silver Mel,0A2476-8001,Tees,LB HORIZON POCKET T-SHIRT,https://www.oneill.com/eu/en/horizon-pocket-t-shirt/0A2476-8001-104.html,
O'NEILL,0A2482-5930 BLUE AOP W,0A2482-5930,Tees,LB MATEO STRIPED T-SHIRT,https://www.oneill.com/at/en/mateo-striped-t-shirt/0A2482-5930-140.html,
O'NEILL,0A2482-5950 BLUE AOP W,0A2482-5950,Tees,LB MATEO STRIPED T-SHIRT,https://www.oneill.com/eu/en/mateo-striped-t-shirt/0A2482-5950-164.html,
O'NEILL,0A2496-2533 Spicy Oran,0A2496-2533,Tees,LB BOXY T-SHIRT,https://www.oneill.com/eu/en/boxy-t-shirt/0A2496-2533-128.html,
O'NEILL,0A2496-6910 GREEN AOP,0A2496-6910,Tees,LB BOXY T-SHIRT,https://www.oneill.com/eu/en/boxy-t-shirt/0A2496-6910-116.html,
O'NEILL,0A2496-6920 GREEN AOP,0A2496-6920,Tees,LB BOXY T-SHIRT,https://www.oneill.com/at/en/boxy-t-shirt/0A2496-6920-128.html,
O'NEILL,9A2478-9010 Black Out,9A2478-9010,Tees,LB BACK PRINT S/SLV T-SHIRT,https://www.oneill.com/eu/en/back-print-t-shirt/9A2478-9010-140.html,
O'NEILL,9A2482-2523 Burning Or,9A2482-2523,Tees,LB JACKS BASE S/SLV T-SHIRT,https://www.oneill.com/eu/en/jacks-base-t-shirt/9A2482-2523-176.html,
O'NEILL,0A3274-5900 BLUE AOP,0A3274-5900,Boardshorts,PB DOUBLE-UP SHORTS,https://www.oneill.com/eu/en/double-up-swim-shorts/0A3274-5900-128.html,
O'NEILL,0A3276-6920 GREEN AOP,0A3276-6920,Boardshorts,PB STACKED SHORTS,https://www.oneill.com/eu/en/stacked-swim-shorts/0A3276-6920-104.html,
O'NEILL,0A3280-5900 BLUE AOP,0A3280-5900,Boardshorts,PB HORIZON SHORTS,https://www.oneill.com/eu/en/horizon-swim-shorts/0A3280-5900-128.html,
O'NEILL,0A3288-3121 Mandarine,0A3288-3121,Boardshorts,PB CALI SHORTS,https://www.oneill.com/at/en/cali-swim-shorts/0A3288-3121-104.html,
O'NEILL,9A3278-5014 Dazzling B,9A3278-5014,Boardshorts,PB VERT SHORTS,https://www.oneill.com/at/en/vert-swim-shorts/9A3278-5014-128.html,
O'NEILL,0A3172-8900 GREY AOP,0A3172-8900,Boardshorts,PB HYPERFREAK HEIST LINE,https://www.oneill.com/eu/en/hyperfreak-heist-line-boardshort/0A3172-8900-104.html,
O'NEILL,8P0274-5112 Surf Blue,8P0274-5112,Fleeces,PB JACK FZ FLEECE,https://www.oneill.com/eu/en/jack-full-zip-fleece/8P0274-5112-128.html,
O'NEILL,8P0274-6058 Forest Nig,8P0274-6058,Fleeces,PB JACK FZ FLEECE,https://www.oneill.com/eu/en/jack-full-zip-fleece/8P0274-6058-116.html,
O'NEILL,9P0270-6058 Forest Nig,9P0270-6058,Fleeces,PB HOODED FULL ZIP FLEECE,https://www.oneill.com/eu/en/hooded-full-zip-ski-fleece/9P0270-6058-176.html,
O'NEILL,9P0272-5075 Seaport Bl,9P0272-5075,Fleeces,PB FULL-ZIP FLEECE,NOT FOUND,
O'NEILL,9P0274-6058 Forest Nig,9P0274-6058,Fleeces,PB CREW FLEECE,https://www.oneill.com/eu/en/crew-ski-fleece/9P0274-6058-116.html,
O'NEILL,9P0274-9010 Black Out,9P0274-9010,Fleeces,PB CREW FLEECE,https://www.oneill.com/eu/en/crew-ski-fleece/9P0274-9010-128.html,
O'NEILL,9P0276-6058 Forest Nig,9P0276-6058,Fleeces,PB 1/4 ZIP FLEECE,https://www.oneill.com/eu/en/1-4-zip-ski-fleece/9P0276-6058-152.html,
O'NEILL,8P0084-5056 Ink Blue,8P0084-5056,Jackets Snow,PB STATEMENT JACKET,https://www.oneill.com/eu/en/statement-ski-snowboard-jacket/8P0084-5056-128.html,
O'NEILL,8P0084-5112 Surf Blue,8P0084-5112,Jackets Snow,PB STATEMENT JACKET,https://www.oneill.com/eu/en/statement-ski-snowboard-jacket/8P0084-5112-170.html,
O'NEILL,8P3648-6025 DRESDEN BL,8P3648-6025,Jackets Snow,PB THUNDER PEAK JACKET,NOT FOUND,
O'NEILL,8P3648-6058 Forest Nig,8P3648-6058,Jackets Snow,PB THUNDER PEAK JACKET,NOT FOUND,
O'NEILL,8P3648-9010 Black Out,8P3648-9010,Jackets Snow,PB THUNDER PEAK JACKET,NOT FOUND,
O'NEILL,9P0074-5075 Seaport Bl,9P0074-5075,Jackets Snow,PB IGNEOUS JACKET,https://www.oneill.com/eu/en/igneous-ski-jacket/9P0074-5075-128.html,
O'NEILL,9P0074-6058 Forest Nig,9P0074-6058,Jackets Snow,PB IGNEOUS JACKET,https://www.oneill.com/eu/en/igneous-ski-jacket/9P0074-6058-104.html,
O'NEILL,9P0078-6058 Forest Nig,9P0078-6058,Jackets Snow,PB APLITE JACKET,https://www.oneill.com/eu/en/aplite-ski-jacket/9P0078-6058-104.html,
O'NEILL,9P0078-9010 Black Out,9P0078-9010,Jackets Snow,PB APLITE JACKET,https://www.oneill.com/eu/en/aplite-ski-jacket/9P0078-9010-104.html,
O'NEILL,9P0080-5900 BLUE AOP,9P0080-5900,Jackets Snow,PB HALITE JACKET,https://www.oneill.com/eu/en/halite-ski-jacket/9P0080-5900-104.html,
O'NEILL,9P0080-6900 GREEN AOP,9P0080-6900,Jackets Snow,PB HALITE JACKET,https://www.oneill.com/at/en/halite-ski-jacket/9P0080-6900-128.html,
O'NEILL,9P0080-6960 GREEN AOP,9P0080-6960,Jackets Snow,PB HALITE JACKET,https://www.oneill.com/eu/en/halite-ski-jacket/9P0080-6960-104.html,
O'NEILL,9P0080-9900 BLACK AOP,9P0080-9900,Jackets Snow,PB HALITE JACKET,https://www.oneill.com/eu/en/halite-ski-jacket/9P0080-9900-104.html,
O'NEILL,9P0082-5075 Seaport Bl,9P0082-5075,Jackets Snow,PB MAGNATITE JACKET,https://www.oneill.com/eu/en/magnatite-ski-jacket/9P0082-5075-128.html,
O'NEILL,8P3070-5056 Ink Blue,8P3070-5056,Snow pants,PB BIB PANTS,https://www.oneill.com/eu/en/bib-ski-snowboard-pants/8P3070-5056-128.html,
O'NEILL,8P3072-2521 Bright Ora,8P3072-2521,Snow pants,PB ANVIL PANTS,https://www.oneill.com/eu/en/anvil-ski-snowboard-pants/8P3072-2521-170.html,
O'NEILL,8P3072-5112 Surf Blue,8P3072-5112,Snow pants,PB ANVIL PANTS,https://www.oneill.com/eu/en/anvil-ski-snowboard-pants/8P3072-5112-164.html,
O'NEILL,8P3072-6017 Treetop Gr,8P3072-6017,Snow pants,PB ANVIL PANTS,https://www.oneill.com/fr/en/anvil-ski-snowboard-pants/8P3072-6017-176.html,
O'NEILL,8P3072-6025 DRESDEN BL,8P3072-6025,Snow pants,PB ANVIL PANTS,NOT FOUND,
O'NEILL,8P3658-2521 Bright Ora,8P3658-2521,Snow pants,PB ANVIL PANTS,NOT FOUND,
O'NEILL,8P3658-6025 DRESDEN BL,8P3658-6025,Snow pants,PB ANVIL PANTS,NOT FOUND,
O'NEILL,8P3658-9010 Black Out,8P3658-9010,Snow pants,PB ANVIL PANTS,NOT FOUND,
O'NEILL,9P3070-6058 Forest Nig,9P3070-6058,Snow pants,PB BIB PANTS,https://www.oneill.com/dk/en/bib-ski-pants/9P3070-6058-104.html,
O'NEILL,9P3070-9010 Black Out,9P3070-9010,Snow pants,PB BIB PANTS,NOT FOUND,
O'NEILL,9P3072-2518 Citrine Or,9P3072-2518,Snow pants,PB ANVIL PANTS,https://www.oneill.com/eu/en/anvil-ski-pants/9P3072-2518-176.html,
O'NEILL,9P3072-5075 Seaport Bl,9P3072-5075,Snow pants,PB ANVIL PANTS,https://www.oneill.com/eu/en/anvil-ski-pants/9P3072-5075-128.html,
O'NEILL,9P3072-6058 Forest Nig,9P3072-6058,Snow pants,PB ANVIL PANTS,https://www.oneill.com/eu/en/anvil-ski-pants/9P3072-6058-104.html,
O'NEILL,9P3072-9010 Black Out,9P3072-9010,Snow pants,PB ANVIL PANTS,https://www.oneill.com/eu/en/anvil-ski-pants/9P3072-9010-152.html,
O'NEILL,9P9270-4048 Bridal Ros,9P9270-4048,Accessories,BG WOOL SCARF GIRLS,https://www.oneill.com/eu/en/wool-scarf/9P9270-4048-0.html,
O'NEILL,0A9070-7507 Chateau Be,0A9070-7507,Bags,BG BEACH BAG STRAW,https://www.oneill.com/eu/en/beach-staw-bag/0A9070-7507-0.html,
O'NEILL,9P9172-6149 Bivaline,9P9172-6149,Headwear,BG POP-MELANGE BEANIE,https://www.oneill.com/eu/en/pop-melange-beanie/9P9172-6149-0.html,
O'NEILL,9P9174-3021 Neon Flame,9P9174-3021,Headwear,BG SOFT-KNIT BEANIE,https://www.oneill.com/eu/en/soft-knit-beanie/9P9174-3021-0.html,
O'NEILL,0A9170-7507 Chateau Be,0A9170-7507,Headwear,BG FEDORA HAT,https://www.oneill.com/eu/en/fedora-hat/0A9170-7507-54.html,
O'NEILL,0A9970-3121 Mandarine,0A9970-3121,Sandals,FG DITSY SANDALS,https://www.oneill.com/eu/en/ditsy-sandals/0A9970-3121-301.html,
O'NEILL,0A9972-5950 BLUE AOP W,0A9972-5950,Sandals,FG WOVEN STRAP SANDALS,https://www.oneill.com/eu/en/woven-sandals/0A9972-5950-301.html,
O'NEILL,0A9972-6960 GREEN AOP,0A9972-6960,Sandals,FG WOVEN STRAP SANDALS,https://www.oneill.com/eu/en/woven-sandals/0A9972-6960-301.html,
O'NEILL,0A8986-4920 PINK-PURP,0A8986-4920,Dresses & Jumpsuits,LG SWEAT DRESS,https://www.oneill.com/fr/en/hooded-side-zip-sweater-dress/0A8986-4920-104.html,
O'NEILL,0A8986-5204 Scale,0A8986-5204,Dresses & Jumpsuits,LG SWEAT DRESS,https://www.oneill.com/eu/en/hooded-side-zip-sweater-dress/0A8986-5204-116.html,
O'NEILL,0A8971-4900 PINK AOP,0A8971-4900,Dresses & Jumpsuits,LG LOLA TUNIQUE DRESS,https://www.oneill.com/eu/en/lola-tunique-dress/0A8971-4900-140.html,
O'NEILL,0A8988-1940 WHITE AOP,0A8988-1940,Dresses & Jumpsuits,LG SUMMER PLAYSUIT,https://www.oneill.com/eu/en/summer-playsuit/0A8988-1940-104.html,
O'NEILL,0A8988-4960 PINK AOP W,0A8988-4960,Dresses & Jumpsuits,LG SUMMER PLAYSUIT,https://www.oneill.com/eu/en/summer-playsuit/0A8988-4960-104.html,
O'NEILL,9P5270-1030 Powder Whi,9P5270-1030,Fleeces,LG HAZEL FLEECE,https://www.oneill.com/be/en/hazel-fleece/9P5270-1030-116.html,
O'NEILL,9P5270-4048 Bridal Ros,9P5270-4048,Fleeces,LG HAZEL FLEECE,https://www.oneill.com/at/en/hazel-fleece/9P5270-4048-116.html,
O'NEILL,9P6070-3000 Gun Metal,9P6070-3000,Jackets,LG CB TRANSIT TOURING,https://www.oneill.com/be/en/transit-touring-jacket/9P6070-3000-104.html,
O'NEILL,9P6070-3021 Neon Flame,9P6070-3021,Jackets,LG CB TRANSIT TOURING,https://www.oneill.com/eu/en/transit-touring-jacket/9P6070-3021-104.html,
O'NEILL,0A7782-3124 Lollipop,0A7782-3124,Pants,LG LEGGING,https://www.oneill.com/eu/en/branded-waistband-jersey-legging/0A7782-3124-104.html,
O'NEILL,0A7782-4920 PINK-PURP,0A7782-4920,Pants,LG LEGGING,https://www.oneill.com/be/en/branded-waistband-jersey-legging/0A7782-4920-128.html,
O'NEILL,0A7790-1250 Light Auth,0A7790-1250,Pants,LG YFKE DENIM JEGGING,https://www.oneill.com/be/en/yfke-jegging-denim-pants/0A7790-1250-104.html,
O'NEILL,0A7786-1250 Light Auth,0A7786-1250,Pants,LG WIDE LEG PANTS,https://www.oneill.com/eu/en/knit-denim-wide-leg-pants/0A7786-1250-104.html,
O'NEILL,0A7774-5204 Scale,0A7774-5204,Pants,LG SUMMER JOGGER PANTS,https://www.oneill.com/at/en/branded-waistband-summer-sweatpants/0A7774-5204-116.html,
O'NEILL,0A7774-8001 Silver Mel,0A7774-8001,Pants,LG SUMMER JOGGER PANTS,https://www.oneill.com/eu/en/branded-waistband-summer-sweatpants/0A7774-8001-128.html,
O'NEILL,9P7772-4048 Bridal Ros,9P7772-4048,Pants,LG MILLA SWEAT PANTS,https://www.oneill.com/eu/en/milla-sweatpants/9P7772-4048-116.html,
O'NEILL,0A7576-1030 Powder Whi,0A7576-1030,Shorts,LG CALI PALM SHORTS,https://www.oneill.com/at/en/cali-palm-twill-shorts/0A7576-1030-116.html,
O'NEILL,0A7576-3121 Mandarine,0A7576-3121,Shorts,LG CALI PALM SHORTS,https://www.oneill.com/at/en/cali-palm-twill-shorts/0A7576-3121-116.html,
O'NEILL,0A7576-5204 Scale,0A7576-5204,Shorts,LG CALI PALM SHORTS,https://www.oneill.com/eu/en/cali-palm-twill-shorts/0A7576-5204-116.html,
O'NEILL,0A7580-1940 WHITE AOP,0A7580-1940,Shorts,LG SUMMER SHORTS,https://www.oneill.com/eu/en/woven-summer-shorts/0A7580-1940-104.html,
O'NEILL,0A7580-4960 PINK AOP W,0A7580-4960,Shorts,LG SUMMER SHORTS,https://www.oneill.com/eu/en/woven-summer-shorts/0A7580-4960-104.html,
O'NEILL,0A7870-4920 PINK-PURP,0A7870-4920,Skirts,LG RUFFLE SKIRT,https://www.oneill.com/at/en/branded-waistband-ruffle-skirt/0A7870-4920-128.html,
O'NEILL,0A7870-5204 Scale,0A7870-5204,Skirts,LG RUFFLE SKIRT,https://www.oneill.com/eu/en/branded-waistband-ruffle-skirt/0A7870-5204-116.html,
O'NEILL,9P6170-3021 Neon Flame,9P6170-3021,Superfleeces,LG ANISA SUPERFLEECE,https://www.oneill.com/eu/en/anisa-superfleece/9P6170-3021-128.html,
O'NEILL,9P6174-6900 GREEN AOP,9P6174-6900,Superfleeces,LG SHERPA HZ HOODIE - CAMO,https://www.oneill.com/eu/en/sherpa-camo-half-zip-hoodie/9P6174-6900-164.html,
O'NEILL,0A6474-6082 Lily Pad,0A6474-6082,Sweatshirts,LG MIA CREW SWEATSHIRT,https://www.oneill.com/be/en/mia-crew-sweatshirt/0A6474-6082-116.html,
O'NEILL,0A6474-8101 White Mele,0A6474-8101,Sweatshirts,LG MIA CREW SWEATSHIRT,https://www.oneill.com/eu/en/mia-crew-sweatshirt/0A6474-8101-128.html,
O'NEILL,8P6480-8900 GREY AOP,8P6480-8900,Sweatshirts,LG MOUNTAN CHASE SWEATSHIRT,NOT FOUND,
O'NEILL,9P6470-4048 Bridal Ros,9P6470-4048,Sweatshirts,LG ILANA CREW,https://www.oneill.com/eu/en/ilana-sweatshirt/9P6470-4048-128.html,
O'NEILL,0A7272-1030 Powder Whi,0A7272-1030,Tees,LG SURF TANKTOP,https://www.oneill.com/dk/en/surf-tanktop/0A7272-1030-104.html,
O'NEILL,0A7272-5204 Scale,0A7272-5204,Tees,LG SURF TANKTOP,https://www.oneill.com/at/en/surf-tanktop/0A7272-5204-116.html,
O'NEILL,0A7280-4540 Marge,0A7280-4540,Tees,LG SURF GEAR TANKTOP,https://www.oneill.com/at/en/surf-gear-tanktop/0A7280-4540-104.html,
O'NEILL,0A7280-6151 Salina Gre,0A7280-6151,Tees,LG SURF GEAR TANKTOP,https://www.oneill.com/eu/en/surf-gear-tanktop/0A7280-6151-104.html?channable=e96832.MEE3MjgwLTYxNTEtMTA0,
O'NEILL,0A7382-6082 Lily Pad,0A7382-6082,Tees,LG ROBYN TANKTOP,https://www.oneill.com/at/en/robyn-tanktop/0A7382-6082-140.html,
O'NEILL,0A7383-1940 WHITE AOP,0A7383-1940,Tees,LG SUMMER TANKTOP,https://www.oneill.com/eu/en/summer-tanktop/0A7383-1940-104.html,
O'NEILL,0A7383-4960 PINK AOP W,0A7383-4960,Tees,LG SUMMER TANKTOP,https://www.oneill.com/de/en/summer-tanktop/0A7383-4960-104.html,
O'NEILL,8P7170-3350 Neon Tange,8P7170-3350,Tees,LG MOUNTAIN GAZE L/SLV T-SHIRT,https://www.oneill.com/be/nl/mountain-gaze-long-sleeve-t-shirt/8P7170-3350-116.html,
O'NEILL,0A7392-6082 Lily Pad,0A7392-6082,Tees,LG PALM T-SHIRT,https://www.oneill.com/at/en/palm-t-shirt/0A7392-6082-128.html,
O'NEILL,0A8372-6940 GREEN AOP,0A8372-6940,Bikinis,PG VENICE BEACH-PARTY BIKINI,https://www.oneill.com/eu/en/venice-beach-party-bikini-set/0A8372-6940-104.html,
